IP,Scan Date,Start Time,End Time
172.17.59.0-172.17.59.255,10/9/2019,22:00,5:00
172.17.61.0-172.17.61.255,10/9/2019,22:00,5:00
172.17.64.0-172.17.64.255,10/9/2019,22:00,5:00
172.17.65.0-172.17.65.255,10/9/2019,22:00,5:00
172.17.72.0-172.17.72.255,10/9/2019,22:00,5:00
172.17.75.0-172.17.75.255,10/9/2019,22:00,5:00
172.17.77.0-172.17.77.255,10/9/2019,22:00,5:00
172.17.78.0-172.17.78.255,10/9/2019,22:00,5:00
172.17.80.0-172.17.80.255,10/9/2019,22:00,5:00
172.17.81.0-172.17.81.255,10/9/2019,22:00,5:00
172.17.82.0-172.17.82.255,10/9/2019,22:00,5:00
172.17.83.0-172.17.83.255,10/9/2019,22:00,5:00
172.17.84.0-172.17.84.255,10/9/2019,22:00,5:00
172.17.85.0-172.17.85.255,10/9/2019,22:00,5:00
172.17.86.0-172.17.86.255,10/9/2019,22:00,5:00
172.17.87.0-172.17.87.255,10/10/2019,22:00,5:00
172.17.88.0-172.17.88.255,10/10/2019,22:00,5:00
172.17.89.0-172.17.89.255,10/10/2019,22:00,5:00
172.17.90.0-172.17.90.255,10/10/2019,22:00,5:00
172.17.92.0-172.17.92.255,10/10/2019,22:00,5:00
172.17.96.0-172.17.96.255,10/10/2019,22:00,5:00
172.17.100.0-172.17.100.255,10/10/2019,22:00,5:00
172.17.101.0-172.17.101.255,10/10/2019,22:00,5:00
172.17.102.0-172.17.102.255,10/10/2019,22:00,5:00
172.17.103.0-172.17.103.255,10/10/2019,22:00,5:00
172.17.106.0-172.17.106.255,10/10/2019,22:00,5:00
172.17.107.0-172.17.107.255,10/10/2019,22:00,5:00
172.17.109.0-172.17.109.255,10/10/2019,22:00,5:00
172.17.111.0-172.17.111.255,10/10/2019,22:00,5:00
172.17.112.0-172.17.112.255,10/10/2019,22:00,5:00
172.17.113.0-172.17.113.255,10/11/2019,22:00,5:00
172.17.114.0-172.17.114.255,10/11/2019,22:00,5:00
172.17.115.0-172.17.115.255,10/11/2019,22:00,5:00
172.17.117.0-172.17.117.255,10/11/2019,22:00,5:00
172.17.118.0-172.17.118.255,10/11/2019,22:00,5:00
172.17.121.0-172.17.121.255,10/11/2019,22:00,5:00
172.17.122.0-172.17.122.255,10/11/2019,22:00,5:00
172.17.123.0-172.17.123.255,10/11/2019,22:00,5:00
172.17.127.0-172.17.127.255,10/11/2019,22:00,5:00
172.17.129.0-172.17.129.255,10/11/2019,22:00,5:00
172.17.130.0-172.17.130.255,10/11/2019,22:00,5:00
172.17.132.0-172.17.132.255,10/11/2019,22:00,5:00
172.17.134.0-172.17.134.255,10/11/2019,22:00,5:00
172.17.135.0-172.17.135.255,10/11/2019,22:00,5:00
172.17.136.0-172.17.136.255,10/11/2019,22:00,5:00
